address-number;tx-1;tx-2;tx-3;tx-4;tx-5;tx-6;tx-7;tx-8;tx-9;tx-10
address-0;1593952377116;1593952377729;1593952378501;1593952379460;1593952380382;1593952381434;1593952382326;1593952383368;1593952384294;1593952385400
address-1;1593952377257;1593952377941;1593952378760;1593952379775;1593952380633;1593952381703;1593952382611;1593952383672;1593952384720;1593952385664
address-2;1593952377276;1593952377962;1593952378780;1593952379791;1593952380651;1593952381719;1593952382654;1593952383685;1593952384738;1593952385672
address-3;1593952377528;1593952378255;1593952379183;1593952380120;1593952381142;1593952382070;1593952383080;1593952384033;1593952385149;1593952385944
address-4;1593952377836;1593952378583;1593952379568;1593952380460;1593952381533;1593952382417;1593952383459;1593952384394;1593952385479;1593952386186
address-5;1593952378072;1593952378873;1593952379874;1593952380740;1593952381813;1593952382770;1593952383769;1593952384872;1593952385761;1593952386395
address-6;1593952378344;1593952379280;1593952380202;1593952381240;1593952382154;1593952383193;1593952384117;1593952385232;1593952386034;1593952386579
address-7;1593952378673;1593952379673;1593952380550;1593952381621;1593952382500;1593952383584;1593952384530;1593952385569;1593952386282;1593952386678
address-8;1593952378996;1593952379959;1593952380843;1593952381906;1593952382889;1593952383867;1593952384966;1593952385862;1593952386485;1593952386769
address-9;1593952379374;1593952380282;1593952381338;1593952382242;1593952383285;1593952384206;1593952385315;1593952386149;1593952386667;1593952386861